{"cameraMode":{"drawMode":0,"name":"Shaded","section":"Shading Mode"},"sceneLighting":false,"audioPlay":false,"sceneViewState":{"m_AlwaysRefresh":false,"showFog":true,"showSkybox":false,"showFlares":true,"showImageEffects":true,"showParticleSystems":true,"showVisualEffectGraphs":true,"m_FxEnabled":true},"in2DMode":false,"pivot":{"x":524.9600219726563,"y":4.190000057220459,"z":507.4319152832031},"rotation":{"x":0.11235064268112183,"y":-0.07678718119859696,"z":0.008686195127665997,"w":0.9908207058906555},"size":1.6566035747528077,"orthographic":true}